Workbook
Name _Toc77749861: Sheet2!$D$1078
Name _Toc77749864: Sheet2!$D$1138
Name _Toc77749865: Sheet2!#REF!
Name tvpllink_fihxvisxtf_1: Sheet2!$D$70

Sheet Sheet2
B1: 4 | C1: x
A2: =ROUNDUP((ROW()-1)/5,0) -> 1 | B2: =IF(B1=4,0,B1+1) -> 0 | C2: =LEFT(D2,3) -> Câu | D2: Câu số 01: Phương pháp cấp cứu hồi sinh tổng hợp gồm mấy bước:
A3: =ROUNDUP((ROW()-1)/5,0) -> 1 | B3: =IF(B2=4,0,B2+1) -> 1 | C3: =LEFT(D3,3) -> A./ | D3: A./ 3 bước.
A4: =ROUNDUP((ROW()-1)/5,0) -> 1 | B4: =IF(B3=4,0,B3+1) -> 2 | C4: =LEFT(D4,3) -> B./ | D4: B./ 4 bước.
A5: =ROUNDUP((ROW()-1)/5,0) -> 1 | B5: =IF(B4=4,0,B4+1) -> 3 | C5: =LEFT(D5,3) -> C./ | D5: C./ 5 bước.
A6: =ROUNDUP((ROW()-1)/5,0) -> 1 | B6: =IF(B5=4,0,B5+1) -> 4 | C6: =LEFT(D6,3) -> D./ | D6: D./ 6 bước.
A7: =ROUNDUP((ROW()-1)/5,0) -> 2 | B7: =IF(B6=4,0,B6+1) -> 0 | C7: =LEFT(D7,3) -> Câu | D7: Câu số 02: Trình tự Phương pháp cấp cứu hồi sinh tổng hợp là: [Trong đó: (A) – Airway (Khôi phục hệ hô hấp); (B) – Breathing (Hô hấp nhân tạo); (C) – Circulation (Khôi phục hệ tuần hoàn); (D) – Danger (Loại trừ nguy hiểm); (R) – Response (Phản ứng)]
A8: =ROUNDUP((ROW()-1)/5,0) -> 2 | B8: =IF(B7=4,0,B7+1) -> 1 | C8: =LEFT(D8,3) -> A./ | D8: A./ DRCAB. Sau đó duy trì bước C rồi B theo nhịp 30/2 (30 lần ấn tim thì hô hấp nhân tạo 2 lần).
A9: =ROUNDUP((ROW()-1)/5,0) -> 2 | B9: =IF(B8=4,0,B8+1) -> 2 | C9: =LEFT(D9,3) -> B./ | D9: B./ DRCAB. Sau đó duy trì bước C rồi B theo nhịp 15/2 (15 lần ấn tim thì hô hấp nhân tạo 2 lần).
A10: =ROUNDUP((ROW()-1)/5,0) -> 2 | B10: =IF(B9=4,0,B9+1) -> 3 | C10: =LEFT(D10,3)
A11: =ROUNDUP((ROW()-1)/5,0) -> 2 | B11: =IF(B10=4,0,B10+1) -> 4 | C11: =LEFT(D11,3) -> D./ | D11: D./ DRABC. Sau đó duy trì bước C rồi B theo nhịp 15/2 (15 lần ấn tim thì hô hấp nhân tạo 2 lần).
A12: =ROUNDUP((ROW()-1)/5,0) -> 3 | B12: =IF(B11=4,0,B11+1) -> 0 | C12: =LEFT(D12,3) -> Câu | D12: Câu số 03: Tần số ấn nhịp tim trong Phương pháp cấp cứu hồi sinh tổng hợp là bao nhiêu?
A13: =ROUNDUP((ROW()-1)/5,0) -> 3 | B13: =IF(B12=4,0,B12+1) -> 1 | C13: =LEFT(D13,3) -> A./ | D13: A./ 70 đến 90 lần/phút.
A14: =ROUNDUP((ROW()-1)/5,0) -> 3 | B14: =IF(B13=4,0,B13+1) -> 2 | C14: =LEFT(D14,3) -> B./ | D14: B./ 80 đến 100 lần/phút.
A15: =ROUNDUP((ROW()-1)/5,0) -> 3 | B15: =IF(B14=4,0,B14+1) -> 3 | C15: =LEFT(D15,3) -> C./ | D15: C./ 90 đến 110 lần/phút.
A16: =ROUNDUP((ROW()-1)/5,0) -> 3 | B16: =IF(B15=4,0,B15+1) -> 4 | C16: =LEFT(D16,3) -> D./ | D16: D./ 100 đến 120 lần/phút.
A17: =ROUNDUP((ROW()-1)/5,0) -> 4 | B17: =IF(B16=4,0,B16+1) -> 0 | C17: =LEFT(D17,3) -> Câu | D17: Câu số 04: Động tác ấn tim ngoài lồng ngực trong Phương pháp cấp cứu hồi sinh tổng hợp có độ sâu bao nhiêu?
A18: =ROUNDUP((ROW()-1)/5,0) -> 4 | B18: =IF(B17=4,0,B17+1) -> 1 | C18: =LEFT(D18,3) -> A./ | D18: A./ Ấn sâu từ 3 đến 4 cm.
A19: =ROUNDUP((ROW()-1)/5,0) -> 4 | B19: =IF(B18=4,0,B18+1) -> 2 | C19: =LEFT(D19,3) -> B./ | D19: B./ Ấn sâu từ 4 đến 5 cm.
A20: =ROUNDUP((ROW()-1)/5,0) -> 4 | B20: =IF(B19=4,0,B19+1) -> 3 | C20: =LEFT(D20,3) -> C./ | D20: C./ Ấn sâu từ 5 đến 6 cm.
A21: =ROUNDUP((ROW()-1)/5,0) -> 4 | B21: =IF(B20=4,0,B20+1) -> 4 | C21: =LEFT(D21,3) -> D./ | D21: D./ Ấn sâu từ 6 đến 7 cm.
A22: =ROUNDUP((ROW()-1)/5,0) -> 5 | B22: =IF(B21=4,0,B21+1) -> 0 | C22: =LEFT(D22,3) -> Câu | D22: Câu số 05: Thời gian mỗi lần hô hấp trong Phương pháp cấp cứu hồi sinh tổng hợp là bao lâu?
... A277: =ROUNDUP((ROW()-1)/5,0) -> 56 | B277: =IF(B276=4,0,B276+1) -> 0 | C277: =LEFT(D277,3) -> Câu | D277: Câu số 56: Khi làm việc trên ĐDK hạ áp có điện hoặc tiếp xúc trực tiếp với phần có điện hạ áp thì phải thực hiện theo quy định như thế nào ?
A278: =ROUNDUP((ROW()-1)/5,0) -> 56 | B278: =IF(B277=4,0,B277+1) -> 1 | C278: =LEFT(D278,3)
A279: =ROUNDUP((ROW()-1)/5,0) -> 56 | B279: =IF(B278=4,0,B278+1) -> 2 | C279: =LEFT(D279,3) -> B./ | D279: B./ Người làm việc gần phần có điện hạ áp phải dùng các tấm cách điện để che, chắn.
A280: =ROUNDUP((ROW()-1)/5,0) -> 56 | B280: =IF(B279=4,0,B279+1) -> 3 | C280: =LEFT(D280,3) -> C./ | D280: C./ Gồm cả 02 đáp án A và B.
A281: =ROUNDUP((ROW()-1)/5,0) -> 56 | B281: =IF(B280=4,0,B280+1) -> 4 | C281: =LEFT(D281,3) -> D./ | D281: D./ Cả 02 đáp án A và B đều sai.
A282: =ROUNDUP((ROW()-1)/5,0) -> 57 | B282: =IF(B281=4,0,B281+1) -> 0 | C282: =LEFT(D282,3) -> Câu | D282: Câu số 57: Trong công tác thay chì trên cột phải thực hiện như thế nào ?
A283: =ROUNDUP((ROW()-1)/5,0) -> 57 | B283: =IF(B282=4,0,B282+1) -> 1 | C283: =LEFT(D283,3) -> A./ | D283: A./ Có 02 người.
A284: =ROUNDUP((ROW()-1)/5,0) -> 57 | B284: =IF(B283=4,0,B283+1) -> 2 | C284: =LEFT(D284,3) -> B./ | D284: B./ Trời khô ráo, không có giông, gió to, sấm sét.
A285: =ROUNDUP((ROW()-1)/5,0) -> 57 | B285: =IF(B284=4,0,B284+1) -> 3 | C285: =LEFT(D285,3) -> C./ | D285: C./ Quần áo người công nhân phải khô ráo, cột có chỗ đứng chắc chắn.
A286: =ROUNDUP((ROW()-1)/5,0) -> 57 | B286: =IF(B285=4,0,B285+1) -> 4 | C286: =LEFT(D286,3) -> D./ | D286: D./ Gồm cả 03 đáp án A, B và C.
A287: =ROUNDUP((ROW()-1)/5,0) -> 58 | B287: =IF(B286=4,0,B286+1) -> 0 | C287: =LEFT(D287,3) -> Câu | D287: Câu số 58: Nguyên tắc khi kiểm tra không còn điện bằng bút thử điện?
A288: =ROUNDUP((ROW()-1)/5,0) -> 58 | B288: =IF(B287=4,0,B287+1) -> 1 | C288: =LEFT(D288,3) -> A./ | D288: A./ Thử ở nơi không có điện trước, nơi có điện sau.
A289: =ROUNDUP((ROW()-1)/5,0) -> 58 | B289: =IF(B288=4,0,B288+1) -> 2 | C289: =LEFT(D289,3) -> B./ | D289: B./ Thử ở nơi có điện trước rồi mới thử nơi không còn điện.
A290: =ROUNDUP((ROW()-1)/5,0) -> 58 | B290: =IF(B289=4,0,B289+1) -> 3 | C290: =LEFT(D290,3) -> C./ | D290: C./ Nếu ở nơi công tác không có điện thì cho phép đem thử ở nơi khác trước lúc thử ở nơi công tác và phải bảo quản tốt bút thử điện khi chuyên chở.
... A439: =ROUNDUP((ROW()-1)/5,0) -> 88 | B439: =IF(B438=4,0,B438+1) -> 2 | C439: =LEFT(D439,3) -> B./ | D439: B./ Nếu làm việc trên đường dây một nguồn cấp không có nhánh rẽ, cho phép làm nối đất ở đầu đường dây có nguồn cấp đến, đầu còn lại phải mở thiết bị đóng cắt hoặc tháo lèo.
A440: =ROUNDUP((ROW()-1)/5,0) -> 88 | B440: =IF(B439=4,0,B439+1) -> 3 | C440: =LEFT(D440,3)
A441: =ROUNDUP((ROW()-1)/5,0) -> 88 | B441: =IF(B440=4,0,B440+1) -> 4 | C441: =LEFT(D441,3) -> D./ | D441: D./ Tất cả đều đúng.
A442: =ROUNDUP((ROW()-1)/5,0) -> 89 | B442: =IF(B441=4,0,B441+1) -> 0 | C442: =LEFT(D442,3) -> Câu | D442: Câu số 89: Khi làm việc trên đường dây hai nguồn cấp không có nhánh rẽ thì biện pháp đảm bảo an toàn là gì ?
A443: =ROUNDUP((ROW()-1)/5,0) -> 89 | B443: =IF(B442=4,0,B442+1) -> 1 | C443: =LEFT(D443,3)
A444: =ROUNDUP((ROW()-1)/5,0) -> 89 | B444: =IF(B443=4,0,B443+1) -> 2 | C444: =LEFT(D444,3) -> B./ | D444: B./ Nối đất ở hai đầu đường dây.
A445: =ROUNDUP((ROW()-1)/5,0) -> 89 | B445: =IF(B444=4,0,B444+1) -> 3 | C445: =LEFT(D445,3) -> C./ | D445: C./ Cả hai câu A, B đúng.
A446: =ROUNDUP((ROW()-1)/5,0) -> 89 | B446: =IF(B445=4,0,B445+1) -> 4 | C446: =LEFT(D446,3) -> D./ | D446: D./ Cả 2 câu trên sai.
A447: =ROUNDUP((ROW()-1)/5,0) -> 90 | B447: =IF(B446=4,0,B446+1) -> 0 | C447: =LEFT(D447,3) -> Câu | D447: Câu số 90: Khi làm việc trên đường dây một nguồn cấp không có nhánh rẽ thì biện pháp đảm bảo an toàn là gì ?
A448: =ROUNDUP((ROW()-1)/5,0) -> 90 | B448: =IF(B447=4,0,B447+1) -> 1 | C448: =LEFT(D448,3) -> A./ | D448: A./ Mở thiết bị đóng cắt nguồn cấp đến.
A449: =ROUNDUP((ROW()-1)/5,0) -> 90 | B449: =IF(B448=4,0,B448+1) -> 2 | C449: =LEFT(D449,3)
A450: =ROUNDUP((ROW()-1)/5,0) -> 90 | B450: =IF(B449=4,0,B449+1) -> 3 | C450: =LEFT(D450,3) -> C./ | D450: C./ Nối đất ở đầu ĐD có nguồn cấp đến, đầu còn lại phải mở thiết bị đóng cắt.
A451: =ROUNDUP((ROW()-1)/5,0) -> 90 | B451: =IF(B450=4,0,B450+1) -> 4 | C451: =LEFT(D451,3) -> D./ | D451: D./ Cả 3 câu trên đúng.
A452: =ROUNDUP((ROW()-1)/5,0) -> 91 | B452: =IF(B451=4,0,B451+1) -> 0 | C452: =LEFT(D452,3) -> Câu | D452: Câu số 91: Khi làm việc trên ĐDK có nhiều nguồn cấp đến và có nhánh rẽ thì biện pháp đảm bảo an toàn là gì ?
A453: =ROUNDUP((ROW()-1)/5,0) -> 91 | B453: =IF(B452=4,0,B452+1) -> 1 | C453: =LEFT(D453,3) -> A./ | D453: A./ Nối đất ở các đầu ĐDK có nguồn cấp đến.
A454: =ROUNDUP((ROW()-1)/5,0) -> 91 | B454: =IF(B453=4,0,B453+1) -> 2 | C454: =LEFT(D454,3) -> B./ | D454: B./ Nhánh không có nguồn cấp đến mở thiết bị đóng cắt.
A455: =ROUNDUP((ROW()-1)/5,0) -> 91 | B455: =IF(B454=4,0,B454+1) -> 3 | C455: =LEFT(D455,3) -> C./ | D455: C./ Nhánh nào không mở được thiết bị đóng cắt thì phải làm một bộ nối đất ở nhánh đó.
A456: =ROUNDUP((ROW()-1)/5,0) -> 91 | B456: =IF(B455=4,0,B455+1) -> 4 | C456: =LEFT(D456,3) -> D./ | D456: D./ Cả ba câu A, B, C.
A457: =ROUNDUP((ROW()-1)/5,0) -> 92 | B457: =IF(B456=4,0,B456+1) -> 0 | C457: =LEFT(D457,3) -> Câu | D457: Câu số 92: Đối với các đường cáp ngầm phải đặt tiếp đất như thế nào ?
A458: =ROUNDUP((ROW()-1)/5,0) -> 92 | B458: =IF(B457=4,0,B457+1) -> 1 | C458: =LEFT(D458,3) -> A./ | D458: A./ Đặt một bộ tiếp đất ở đầu nối vào nguồn của cáp ngầm.
A459: =ROUNDUP((ROW()-1)/5,0) -> 92 | B459: =IF(B458=4,0,B458+1) -> 2 | C459: =LEFT(D459,3) -> B./ | D459: B./ Phải đặt tiếp đất hai đầu của cáp ngầm tiến hành công việc. Trường hợp làm việc tại một đầu cáp ngầm mà theo yêu cầu công việc không thể tiếp đất được tại đầu cáp này trong thời gian thực hiện công việc đó phải có tiếp đất ở đầu còn lại.
A460: =ROUNDUP((ROW()-1)/5,0) -> 92 | B460: =IF(B459=4,0,B459+1) -> 3 | C460: =LEFT(D460,3) -> C./ | D460: C./ Nếu thiết bị đóng cắt nhìn thấy rõ thì không cần phải làm tiếp đất.
A461: =ROUNDUP((ROW()-1)/5,0) -> 92 | B461: =IF(B460=4,0,B460+1) -> 4 | C461: =LEFT(D461,3) -> D./ | D461: D./ Cả 03 câu đều sai.
... A613: =ROUNDUP((ROW()-1)/5,0) -> 123 | B613: =IF(B612=4,0,B612+1) -> 1 | C613: =LEFT(D613,3) -> A./ | D613: A./ 6 chức danh (người cấp phiếu, người cho phép, người giám sát ATĐ, người lãnh đạo công việc, người chỉ huy trực tiếp, nhân viên đơn vị công tác).
A614: =ROUNDUP((ROW()-1)/5,0) -> 123 | B614: =IF(B613=4,0,B613+1) -> 2 | C614: =LEFT(D614,3)
A615: =ROUNDUP((ROW()-1)/5,0) -> 123 | B615: =IF(B614=4,0,B614+1) -> 3 | C615: =LEFT(D615,3) -> C./ | D615: C./ 7 chức danh (người cấp phiếu, người cho phép, người giám sát ATĐ, người lãnh đạo công việc, người cảnh giới, người chỉ huy trực tiếp, nhân viên đơn vị công tác).
A616: =ROUNDUP((ROW()-1)/5,0) -> 123 | B616: =IF(B615=4,0,B615+1) -> 4 | C616: =LEFT(D616,3)
A617: =ROUNDUP((ROW()-1)/5,0) -> 124 | B617: =IF(B616=4,0,B616+1) -> 0 | C617: =LEFT(D617,3) -> Câu | D617: Câu số 124: Người cấp phiếu được phép kiêm nhiệm các chức danh nào khi thực hiện PCT ?
A618: =ROUNDUP((ROW()-1)/5,0) -> 124 | B618: =IF(B617=4,0,B617+1) -> 1 | C618: =LEFT(D618,3) -> A./ | D618: A./ Người cấp phiếu kiêm Người cho phép.
A619: =ROUNDUP((ROW()-1)/5,0) -> 124 | B619: =IF(B618=4,0,B618+1) -> 2 | C619: =LEFT(D619,3) -> B./ | D619: B./ Người cấp phiếu kiêm Người lãnh đạo công việc.
A620: =ROUNDUP((ROW()-1)/5,0) -> 124 | B620: =IF(B619=4,0,B619+1) -> 3 | C620: =LEFT(D620,3) -> C./ | D620: C./ Người cấp phiếu kiêm Người CHTT nếu hai chức danh này cùng một Cơ sở.
A621: =ROUNDUP((ROW()-1)/5,0) -> 124 | B621: =IF(B620=4,0,B620+1) -> 4 | C621: =LEFT(D621,3) -> D./ | D621: D./ Tất cả đều đúng.
A622: =ROUNDUP((ROW()-1)/5,0) -> 125 | B622: =IF(B621=4,0,B621+1) -> 0 | C622: =LEFT(D622,3) -> Câu | D622: Câu số 125: Có bao nhiêu chức danh trong lệnh công tác ?
A623: =ROUNDUP((ROW()-1)/5,0) -> 125 | B623: =IF(B622=4,0,B622+1) -> 1 | C623: =LEFT(D623,3) -> A./ | D623: A./ 4 chức danh (người cấp lệnh, người giám sát ATĐ, người chỉ huy trực tiếp, nhân viên đơn vị công tác).
A624: =ROUNDUP((ROW()-1)/5,0) -> 125 | B624: =IF(B623=4,0,B623+1) -> 2 | C624: =LEFT(D624,3)
A625: =ROUNDUP((ROW()-1)/5,0) -> 125 | B625: =IF(B624=4,0,B624+1) -> 3 | C625: =LEFT(D625,3) -> C./ | D625: C./ 5 chức danh (người cấp lệnh, người giám sát ATĐ, người thi hành lệnh, người chỉ huy trực tiếp, nhân viên đơn vị công tác).
A626: =ROUNDUP((ROW()-1)/5,0) -> 125 | B626: =IF(B625=4,0,B625+1) -> 4 | C626: =LEFT(D626,3)
A627: =ROUNDUP((ROW()-1)/5,0) -> 126 | B627: =IF(B626=4,0,B626+1) -> 0 | C627: =LEFT(D627,3) -> Câu | D627: Câu số 126: Làm việc trên lưới điện Công ty quản lý vận hành, Người cấp phiếu là những người nào ?
A628: =ROUNDUP((ROW()-1)/5,0) -> 126 | B628: =IF(B627=4,0,B627+1) -> 1 | C628: =LEFT(D628,3) -> A./ | D628: A./ Người cấp phiếu phải là người của Đơn vị QLVH; phải nắm vững về vận hành lưới điện hoặc nhà máy điện do đơn vị mình trực tiếp quản lý, biết được nội dung công việc, điều kiện đảm bảo ATĐ để đề ra đủ, đúng các biện pháp an toàn cho Đơn vị công tác; có bậc 4 ATĐ trở lên.
A629: =ROUNDUP((ROW()-1)/5,0) -> 126 | B629: =IF(B628=4,0,B628+1) -> 2 | C629: =LEFT(D629,3) -> B./ | D629: B./ Người cấp phiếu phải là người của Đơn vị QLVH; biết được nội dung công việc, điều kiện đảm bảo ATĐ để đề ra đủ, đúng các biện pháp an toàn cho Đơn vị công tác; có bậc 5 ATĐ.
A630: =ROUNDUP((ROW()-1)/5,0) -> 126 | B630: =IF(B629=4,0,B629+1) -> 3 | C630: =LEFT(D630,3) -> C./ | D630: C./ Người cấp phiếu phải là người của Đơn vị thi công; biết được nội dung công việc, điều kiện đảm bảo ATĐ để đề ra đủ, đúng các biện pháp an toàn cho Đơn vị công tác; có bậc 4 ATĐ.
A631: =ROUNDUP((ROW()-1)/5,0) -> 126 | B631: =IF(B630=4,0,B630+1) -> 4 | C631: =LEFT(D631,3) -> D./ | D631: D./ Tất cả đều sai.
A632: =ROUNDUP((ROW()-1)/5,0) -> 127 | B632: =IF(B631=4,0,B631+1) -> 0 | C632: =LEFT(D632,3) -> Câu | D632: Câu số 127: Người cấp phiếu có những trách nhiệm nào ?
A633: =ROUNDUP((ROW()-1)/5,0) -> 127 | B633: =IF(B632=4,0,B632+1) -> 1 | C633: =LEFT(D633,3) -> A./ | D633: A./ Ghi đầy đủ các nội dung theo mẫu quy định và ký/xác nhận điện tử cấp phiếu công tác/lệnh công tác.
A634: =ROUNDUP((ROW()-1)/5,0) -> 127 | B634: =IF(B633=4,0,B633+1) -> 2 | C634: =LEFT(D634,3) -> B./ | D634: B./ Giao phiếu công tác/lệnh công tác, chỉ dẫn những yêu cầu cụ thể và những yếu tố nguy hiểm để thực hiện công việc.
A635: =ROUNDUP((ROW()-1)/5,0) -> 127 | B635: =IF(B634=4,0,B634+1) -> 3 | C635: =LEFT(D635,3) -> C./ | D635: C./ Kiểm tra và ký/xác nhận điện tử hoàn thành phiếu công tác/ lệnh công tác sau khi nhận lại.
A636: =ROUNDUP((ROW()-1)/5,0) -> 127 | B636: =IF(B635=4,0,B635+1) -> 4 | C636: =LEFT(D636,3) -> D./ | D636: D./ Tất cả đều đúng.
A637: =ROUNDUP((ROW()-1)/5,0) -> 128 | B637: =IF(B636=4,0,B636+1) -> 0 | C637: =LEFT(D637,3) -> Câu | D637: Câu số 128: Đơn vị công tác tổ chức thực hiện công tác điện có trách nhiệm gì ?
A638: =ROUNDUP((ROW()-1)/5,0) -> 128 | B638: =IF(B637=4,0,B637+1) -> 1 | C638: =LEFT(D638,3) -> A./ | D638: A./ Thống nhất với các Đơn vị QLVH có liên quan về tiến độ và tổ chức các Đơn vị công tác phù hợp với công việc, điều kiện thực tế của hiện trường công tác.
... A644: =ROUNDUP((ROW()-1)/5,0) -> 129 | B644: =IF(B643=4,0,B643+1) -> 2 | C644: =LEFT(D644,3) -> B./ | D644: B./ Cử Nhân viên vận hành thực hiện các biện pháp kỹ thuật chuẩn bị nơi làm việc. Nếu thao tác cắt điện thuộc các Đơn vị QLVH khác thì chủ động phối hợp với Đơn vị điều độ cắt điện theo đúng kế hoạch, đảm bảo thời gian làm việc.
A645: =ROUNDUP((ROW()-1)/5,0) -> 129 | B645: =IF(B644=4,0,B644+1) -> 3 | C645: =LEFT(D645,3)
A646: =ROUNDUP((ROW()-1)/5,0) -> 129 | B646: =IF(B645=4,0,B645+1) -> 4 | C646: =LEFT(D646,3) -> D./ | D646: D./ Tất cả đều đúng.
A647: =ROUNDUP((ROW()-1)/5,0) -> 130 | B647: =IF(B646=4,0,B646+1) -> 0 | C647: =LEFT(D647,3) -> Câu | D647: Câu số 130: Đơn vị điều độ phân phối có trách nhiệm như thế nào ?
A648: =ROUNDUP((ROW()-1)/5,0) -> 130 | B648: =IF(B647=4,0,B647+1) -> 1 | C648: =LEFT(D648,3) -> A./ | D648: A./ Lập, duyệt phương thức vận hành, lịch cắt điện công tác tuần (tháng), thông báo và gửi lịch cắt điện đã được duyệt cho các Đơn vị quản lý vận hành có liên quan đến công việc.
A649: =ROUNDUP((ROW()-1)/5,0) -> 130 | B649: =IF(B648=4,0,B648+1) -> 2 | C649: =LEFT(D649,3) -> B./ | D649: B./ Chỉ huy thao tác cắt điện, bàn giao đường dây, thiết bị điện cho Đơn vị quản lý vận hành theo đúng quy định và thời gian được phê duyệt. Gắn nhãn, đánh dấu hoặc các hình thức khác để nhận biết được đơn vị công tác đang thực hiện công việc trên đường dây, thiết bị điện.
A650: =ROUNDUP((ROW()-1)/5,0) -> 130 | B650: =IF(B649=4,0,B649+1) -> 3 | C650: =LEFT(D650,3) -> C./ | D650: C./ Khôi phục lại đường dây, thiết bị điện khi Đơn vị quản lý vận hành đã kết thúc công tác, thực hiện thủ tục giao nhận đường dây, thiết bị điện để đưa vào vận hành theo quy định.
A651: =ROUNDUP((ROW()-1)/5,0) -> 130 | B651: =IF(B650=4,0,B650+1) -> 4 | C651: =LEFT(D651,3) -> D./ | D651: D./ Tất cả đều đúng.
A652: =ROUNDUP((ROW()-1)/5,0) -> 131 | B652: =IF(B651=4,0,B651+1) -> 0 | C652: =LEFT(D652,3)
A653: =ROUNDUP((ROW()-1)/5,0) -> 131 | B653: =IF(B652=4,0,B652+1) -> 1 | C653: =LEFT(D653,3)
A654: =ROUNDUP((ROW()-1)/5,0) -> 131 | B654: =IF(B653=4,0,B653+1) -> 2 | C654: =LEFT(D654,3)
A655: =ROUNDUP((ROW()-1)/5,0) -> 131 | B655: =IF(B654=4,0,B654+1) -> 3 | C655: =LEFT(D655,3)
A656: =ROUNDUP((ROW()-1)/5,0) -> 131 | B656: =IF(B655=4,0,B655+1) -> 4 | C656: =LEFT(D656,3)
A657: =ROUNDUP((ROW()-1)/5,0) -> 132 | B657: =IF(B656=4,0,B656+1) -> 0 | C657: =LEFT(D657,3)
A658: =ROUNDUP((ROW()-1)/5,0) -> 132 | B658: =IF(B657=4,0,B657+1) -> 1 | C658: =LEFT(D658,3)
...

Sheet Sheet3
C1: =ROW() -> 1 | D1: =COUNTIFS(Sheet2!A:A,Sheet3!C1) -> 5
A2: 1 | C2: =ROW() -> 2 | D2: =COUNTIFS(Sheet2!A:A,Sheet3!C2) -> 5
A3: 2 | C3: =ROW() -> 3 | D3: =COUNTIFS(Sheet2!A:A,Sheet3!C3) -> 5
A4: 3 | C4: =ROW() -> 4 | D4: =COUNTIFS(Sheet2!A:A,Sheet3!C4) -> 5
A5: 4 | C5: =ROW() -> 5 | D5: =COUNTIFS(Sheet2!A:A,Sheet3!C5) -> 5
A6: 5 | C6: =ROW() -> 6 | D6: =COUNTIFS(Sheet2!A:A,Sheet3!C6) -> 5
A7: 6 | C7: =ROW() -> 7 | D7: =COUNTIFS(Sheet2!A:A,Sheet3!C7) -> 5
A8: 7 | C8: =ROW() -> 8 | D8: =COUNTIFS(Sheet2!A:A,Sheet3!C8) -> 5
A9: 8 | C9: =ROW() -> 9 | D9: =COUNTIFS(Sheet2!A:A,Sheet3!C9) -> 5
A10: 9 | C10: =ROW() -> 10 | D10: =COUNTIFS(Sheet2!A:A,Sheet3!C10) -> 5
A11: 10 | C11: =ROW() -> 11 | D11: =COUNTIFS(Sheet2!A:A,Sheet3!C11) -> 5
A12: 11 | C12: =ROW() -> 12 | D12: =COUNTIFS(Sheet2!A:A,Sheet3!C12) -> 5
A13: 12 | C13: =ROW() -> 13 | D13: =COUNTIFS(Sheet2!A:A,Sheet3!C13) -> 5
... A325: 248 | C325: =ROW() -> 325 | D325: =COUNTIFS(Sheet2!A:A,Sheet3!C325) -> 0
C326: =ROW() -> 326 | D326: =COUNTIFS(Sheet2!A:A,Sheet3!C326) -> 0
C327: =ROW() -> 327 | D327: =COUNTIFS(Sheet2!A:A,Sheet3!C327) -> 0
C328: =ROW() -> 328 | D328: =COUNTIFS(Sheet2!A:A,Sheet3!C328) -> 0
C329: =ROW() -> 329 | D329: =COUNTIFS(Sheet2!A:A,Sheet3!C329) -> 0
C330: =ROW() -> 330 | D330: =COUNTIFS(Sheet2!A:A,Sheet3!C330) -> 0
C331: =ROW() -> 331 | D331: =COUNTIFS(Sheet2!A:A,Sheet3!C331) -> 0
C332: =ROW() -> 332 | D332: =COUNTIFS(Sheet2!A:A,Sheet3!C332) -> 0
C333: =ROW() -> 333 | D333: =COUNTIFS(Sheet2!A:A,Sheet3!C333) -> 0
C334: =ROW() -> 334 | D334: =COUNTIFS(Sheet2!A:A,Sheet3!C334) -> 0
C335: =ROW() -> 335 | D335: =COUNTIFS(Sheet2!A:A,Sheet3!C335) -> 0
C336: =ROW() -> 336 | D336: =COUNTIFS(Sheet2!A:A,Sheet3!C336) -> 0
C337: =ROW() -> 337 | D337: =COUNTIFS(Sheet2!A:A,Sheet3!C337) -> 0
... C420: =ROW() -> 420 | D420: =COUNTIFS(Sheet2!A:A,Sheet3!C420) -> 0
